slice_file_name,fsID,start,end,salience,fold,classID,class
door_nock_0.wav,222222,2583.6184126984126,2585.6184126984126,1,11,12,door_nock
door_nock_1.wav,222222,937.9926077097506,939.9926077097506,1,11,12,door_nock
door_nock_2.wav,222222,904.0619501133787,906.0619501133787,1,11,12,door_nock
door_nock_3.wav,222222,921.7761451247165,923.7761451247165,1,11,12,door_nock
door_nock_4.wav,222222,616.7374149659864,618.7374149659864,1,11,12,door_nock
door_nock_5.wav,222222,2472.4127891156463,2474.4127891156463,1,11,12,door_nock
door_nock_6.wav,222222,349.2142403628118,351.2142403628118,1,11,12,door_nock
door_nock_7.wav,222222,2557.9924263038547,2559.9924263038547,1,11,12,door_nock
door_nock_8.wav,222222,2067.7491156462584,2069.7491156462584,1,11,12,door_nock
door_nock_9.wav,222222,1233.757551020408,1235.757551020408,1,11,12,door_nock
door_nock_10.wav,222222,122.57845804988662,124.57845804988662,1,11,12,door_nock
door_nock_11.wav,222222,2251.198140589569,2253.198140589569,1,11,12,door_nock
door_nock_12.wav,222222,1349.7232653061224,1351.7232653061224,1,11,12,door_nock
door_nock_13.wav,222222,1208.1673015873016,1210.1673015873016,1,11,12,door_nock
door_nock_14.wav,222222,19.775056689342403,21.775056689342403,1,11,12,door_nock
door_nock_15.wav,222222,278.0715646258503,280.0715646258503,1,11,12,door_nock
door_nock_16.wav,222222,63.72195011337868,65.72195011337868,1,11,12,door_nock
door_nock_17.wav,222222,1668.7736961451246,1670.7736961451246,1,11,12,door_nock
door_nock_18.wav,222222,2688.541995464853,2690.541995464853,1,11,12,door_nock
door_nock_19.wav,222222,2281.966349206349,2283.966349206349,1,11,12,door_nock
door_nock_20.wav,222222,1619.5409977324264,1621.5409977324264,1,11,12,door_nock
door_nock_21.wav,222222,2023.9072108843538,2025.9072108843538,1,11,12,door_nock
door_nock_22.wav,222222,2023.712380952381,2025.712380952381,1,11,12,door_nock
door_nock_23.wav,222222,1074.7468027210884,1076.7468027210884,1,11,12,door_nock
door_nock_24.wav,222222,905.2751473922903,907.2751473922903,1,11,12,door_nock
door_nock_25.wav,222222,2576.845215419501,2578.845215419501,1,11,12,door_nock
door_nock_26.wav,222222,3022.4406802721087,3024.4406802721087,1,11,12,door_nock
door_nock_27.wav,222222,1574.4730612244898,1576.4730612244898,1,11,12,door_nock
door_nock_28.wav,222222,410.6377777777778,412.6377777777778,1,11,12,door_nock
door_nock_29.wav,222222,711.3184580498867,713.3184580498867,1,11,12,door_nock
door_nock_30.wav,222222,3020.2750566893424,3022.2750566893424,1,11,12,door_nock
door_nock_31.wav,222222,2304.4812698412698,2306.4812698412698,1,11,12,door_nock
door_nock_32.wav,222222,95.92353741496599,97.92353741496599,1,11,12,door_nock
door_nock_33.wav,222222,1237.126485260771,1239.126485260771,1,11,12,door_nock
door_nock_34.wav,222222,162.51995464852607,164.51995464852607,1,11,12,door_nock
door_nock_35.wav,222222,432.357641723356,434.357641723356,1,11,12,door_nock
door_nock_36.wav,222222,2416.18843537415,2418.18843537415,1,11,12,door_nock
door_nock_37.wav,222222,1471.1565532879818,1473.1565532879818,1,11,12,door_nock
door_nock_38.wav,222222,2010.6419047619047,2012.6419047619047,1,11,12,door_nock
door_nock_39.wav,222222,438.6561904761905,440.6561904761905,1,11,12,door_nock
door_nock_40.wav,222222,2247.154240362812,2249.154240362812,1,11,12,door_nock
door_nock_41.wav,222222,106.51097505668935,108.51097505668935,1,11,12,door_nock
door_nock_42.wav,222222,2590.985442176871,2592.985442176871,1,11,12,door_nock
door_nock_43.wav,222222,2760.9762358276644,2762.9762358276644,1,11,12,door_nock
door_nock_44.wav,222222,1106.7666213151927,1108.7666213151927,1,11,12,door_nock
door_nock_45.wav,222222,3086.452335600907,3088.452335600907,1,11,12,door_nock
door_nock_46.wav,222222,911.4039909297052,913.4039909297052,1,11,12,door_nock
door_nock_47.wav,222222,2026.1438095238095,2028.1438095238095,1,11,12,door_nock
door_nock_48.wav,222222,2309.974693877551,2311.974693877551,1,11,12,door_nock
door_nock_49.wav,222222,1173.6779138321995,1175.6779138321995,1,11,12,door_nock
door_nock_50.wav,222222,3008.288934240363,3010.288934240363,1,11,12,door_nock
door_nock_51.wav,222222,424.4157369614513,426.4157369614513,1,11,12,door_nock
door_nock_52.wav,222222,2741.8238548752834,2743.8238548752834,1,11,12,door_nock
door_nock_53.wav,222222,431.27392290249435,433.27392290249435,1,11,12,door_nock
door_nock_54.wav,222222,3079.671247165533,3081.671247165533,1,11,12,door_nock
door_nock_55.wav,222222,3009.5265759637186,3011.5265759637186,1,11,12,door_nock
door_nock_56.wav,222222,97.65727891156463,99.65727891156463,1,11,12,door_nock
door_nock_57.wav,222222,3156.3639002267573,3158.3639002267573,1,11,12,door_nock
door_nock_58.wav,222222,1873.9591383219954,1875.9591383219954,1,11,12,door_nock
door_nock_59.wav,222222,2820.0420861678003,2822.0420861678003,1,11,12,door_nock
door_nock_60.wav,222222,2109.3565986394556,2111.3565986394556,1,11,12,door_nock
door_nock_61.wav,222222,2811.8092970521543,2813.8092970521543,1,11,12,door_nock
door_nock_62.wav,222222,3534.9790929705214,3536.9790929705214,1,11,12,door_nock
door_nock_63.wav,222222,2757.470612244898,2759.470612244898,1,11,12,door_nock
door_nock_64.wav,222222,2521.8590022675735,2523.8590022675735,1,11,12,door_nock
door_nock_65.wav,222222,3424.8632653061222,3426.8632653061222,1,11,12,door_nock
door_nock_66.wav,222222,3487.2130612244896,3489.2130612244896,1,11,12,door_nock
door_nock_67.wav,222222,1485.30231292517,1487.30231292517,1,11,12,door_nock
door_nock_68.wav,222222,1840.4379591836735,1842.4379591836735,1,11,12,door_nock
door_nock_69.wav,222222,2256.2033560090704,2258.2033560090704,1,11,12,door_nock
door_nock_70.wav,222222,831.7219501133787,833.7219501133787,1,11,12,door_nock
door_nock_71.wav,222222,2589.8068934240364,2591.8068934240364,1,11,12,door_nock
door_nock_72.wav,222222,539.5697505668934,541.5697505668934,1,11,12,door_nock
door_nock_73.wav,222222,2602.2673015873015,2604.2673015873015,1,11,12,door_nock
door_nock_74.wav,222222,1687.0436281179138,1689.0436281179138,1,11,12,door_nock
door_nock_75.wav,222222,1479.0406349206348,1481.0406349206348,1,11,12,door_nock
door_nock_76.wav,222222,781.0495691609977,783.0495691609977,1,11,12,door_nock
door_nock_77.wav,222222,1061.8343310657597,1063.8343310657597,1,11,12,door_nock
door_nock_78.wav,222222,2078.2536054421766,2080.2536054421766,1,11,12,door_nock
door_nock_79.wav,222222,120.09301587301587,122.09301587301587,1,11,12,door_nock
door_nock_80.wav,222222,2807.831156462585,2809.831156462585,1,11,12,door_nock
door_nock_81.wav,222222,1042.038820861678,1044.038820861678,1,11,12,door_nock
door_nock_82.wav,222222,3485.6222675736963,3487.6222675736963,1,11,12,door_nock
door_nock_83.wav,222222,3589.5738775510204,3591.5738775510204,1,11,12,door_nock
door_nock_84.wav,222222,3052.4873015873018,3054.4873015873018,1,11,12,door_nock
door_nock_85.wav,222222,2312.5867120181406,2314.5867120181406,1,11,12,door_nock
door_nock_86.wav,222222,911.2015873015873,913.2015873015873,1,11,12,door_nock
door_nock_87.wav,222222,2677.296553287982,2679.296553287982,1,11,12,door_nock
door_nock_88.wav,222222,2591.816553287982,2593.816553287982,1,11,12,door_nock
door_nock_89.wav,222222,678.6939229024944,680.6939229024944,1,11,12,door_nock
door_nock_90.wav,222222,1585.9625850340135,1587.9625850340135,1,11,12,door_nock
door_nock_91.wav,222222,2234.4062131519277,2236.4062131519277,1,11,12,door_nock
door_nock_92.wav,222222,3143.4645804988663,3145.4645804988663,1,11,12,door_nock
door_nock_93.wav,222222,403.0214058956916,405.0214058956916,1,11,12,door_nock
door_nock_94.wav,222222,1300.5511111111111,1302.5511111111111,1,11,12,door_nock
door_nock_95.wav,222222,1069.8901133786849,1071.8901133786849,1,11,12,door_nock
door_nock_96.wav,222222,2329.6427664399093,2331.6427664399093,1,11,12,door_nock
door_nock_97.wav,222222,3378.0120634920636,3380.0120634920636,1,11,12,door_nock
door_nock_98.wav,222222,1938.6522448979592,1940.6522448979592,1,11,12,door_nock
door_nock_99.wav,222222,1140.2439909297052,1142.2439909297052,1,11,12,door_nock
door_nock_100.wav,222222,3324.7367800453517,3326.7367800453517,1,11,12,door_nock
door_nock_101.wav,222222,777.5674829931972,779.5674829931972,1,11,12,door_nock
door_nock_102.wav,222222,1341.718185941043,1343.718185941043,1,11,12,door_nock
door_nock_103.wav,222222,504.92662131519273,506.92662131519273,1,11,12,door_nock
door_nock_104.wav,222222,2816.8659410430837,2818.8659410430837,1,11,12,door_nock
door_nock_105.wav,222222,2911.2697505668934,2913.2697505668934,1,11,12,door_nock
door_nock_106.wav,222222,1962.9144671201814,1964.9144671201814,1,11,12,door_nock
door_nock_107.wav,222222,2085.6936961451247,2087.6936961451247,1,11,12,door_nock
door_nock_108.wav,222222,639.2310657596372,641.2310657596372,1,11,12,door_nock
door_nock_109.wav,222222,2434.2984580498864,2436.2984580498864,1,11,12,door_nock
door_nock_110.wav,222222,3.1076190476190475,5.107619047619048,1,11,12,door_nock
door_nock_111.wav,222222,290.9093424036281,292.9093424036281,1,11,12,door_nock
door_nock_112.wav,222222,2712.989433106576,2714.989433106576,1,11,12,door_nock
door_nock_113.wav,222222,3301.678820861678,3303.678820861678,1,11,12,door_nock
door_nock_114.wav,222222,713.0744217687075,715.0744217687075,1,11,12,door_nock
door_nock_115.wav,222222,2301.5109297052154,2303.5109297052154,1,11,12,door_nock
door_nock_116.wav,222222,874.4145578231293,876.4145578231293,1,11,12,door_nock
door_nock_117.wav,222222,2231.0385034013607,2233.0385034013607,1,11,12,door_nock
door_nock_118.wav,222222,376.90589569161,378.90589569161,1,11,12,door_nock
door_nock_119.wav,222222,1134.7544671201815,1136.7544671201815,1,11,12,door_nock
door_nock_120.wav,222222,2971.3718820861677,2973.3718820861677,1,11,12,door_nock
door_nock_121.wav,222222,616.3089342403628,618.3089342403628,1,11,12,door_nock
door_nock_122.wav,222222,1458.1732879818594,1460.1732879818594,1,11,12,door_nock
door_nock_123.wav,222222,820.0365532879819,822.0365532879819,1,11,12,door_nock
door_nock_124.wav,222222,1862.8755102040816,1864.8755102040816,1,11,12,door_nock
door_nock_125.wav,222222,1333.4696598639455,1335.4696598639455,1,11,12,door_nock
door_nock_126.wav,222222,2446.621678004535,2448.621678004535,1,11,12,door_nock
door_nock_127.wav,222222,2225.5127437641722,2227.5127437641722,1,11,12,door_nock
door_nock_128.wav,222222,2278.3714285714286,2280.3714285714286,1,11,12,door_nock
door_nock_129.wav,222222,2278.721587301587,2280.721587301587,1,11,12,door_nock
door_nock_130.wav,222222,3522.5207709750566,3524.5207709750566,1,11,12,door_nock
door_nock_131.wav,222222,2330.986439909297,2332.986439909297,1,11,12,door_nock
door_nock_132.wav,222222,329.10925170068026,331.10925170068026,1,11,12,door_nock
door_nock_133.wav,222222,2945.717641723356,2947.717641723356,1,11,12,door_nock
door_nock_134.wav,222222,1572.6626303854875,1574.6626303854875,1,11,12,door_nock
door_nock_135.wav,222222,237.5475283446712,239.5475283446712,1,11,12,door_nock
door_nock_136.wav,222222,2351.8614512471654,2353.8614512471654,1,11,12,door_nock
door_nock_137.wav,222222,1538.8197732426304,1540.8197732426304,1,11,12,door_nock
door_nock_138.wav,222222,1022.7673015873016,1024.7673015873015,1,11,12,door_nock
door_nock_139.wav,222222,2119.613696145125,2121.613696145125,1,11,12,door_nock
door_nock_140.wav,222222,365.5692970521542,367.5692970521542,1,11,12,door_nock
door_nock_141.wav,222222,2940.7461678004533,2942.7461678004533,1,11,12,door_nock
door_nock_142.wav,222222,5.127755102040816,7.127755102040816,1,11,12,door_nock
door_nock_143.wav,222222,2251.1765532879817,2253.1765532879817,1,11,12,door_nock
door_nock_144.wav,222222,554.6149206349206,556.6149206349206,1,11,12,door_nock
door_nock_145.wav,222222,2525.1390022675737,2527.1390022675737,1,11,12,door_nock
door_nock_146.wav,222222,2165.590657596372,2167.590657596372,1,11,12,door_nock
door_nock_147.wav,222222,2785.2321541950114,2787.2321541950114,1,11,12,door_nock
door_nock_148.wav,222222,170.1637641723356,172.1637641723356,1,11,12,door_nock
door_nock_149.wav,222222,1869.9172335600906,1871.9172335600906,1,11,12,door_nock
door_nock_150.wav,222222,2146.250566893424,2148.250566893424,1,11,12,door_nock
door_nock_151.wav,222222,3223.7860770975058,3225.7860770975058,1,11,12,door_nock
door_nock_152.wav,222222,3073.110022675737,3075.110022675737,1,11,12,door_nock
door_nock_153.wav,222222,1062.5569160997732,1064.5569160997732,1,11,12,door_nock
door_nock_154.wav,222222,1598.2268934240362,1600.2268934240362,1,11,12,door_nock
door_nock_155.wav,222222,3424.349977324263,3426.349977324263,1,11,12,door_nock
door_nock_156.wav,222222,1959.8969160997733,1961.8969160997733,1,11,12,door_nock
door_nock_157.wav,222222,2632.737006802721,2634.737006802721,1,11,12,door_nock
door_nock_158.wav,222222,3176.120136054422,3178.120136054422,1,11,12,door_nock
door_nock_159.wav,222222,2582.874013605442,2584.874013605442,1,11,12,door_nock
door_nock_160.wav,222222,3498.308752834467,3500.308752834467,1,11,12,door_nock
door_nock_161.wav,222222,339.9363718820862,341.9363718820862,1,11,12,door_nock
door_nock_162.wav,222222,1966.3925623582766,1968.3925623582766,1,11,12,door_nock
door_nock_163.wav,222222,1458.0234013605443,1460.0234013605443,1,11,12,door_nock
door_nock_164.wav,222222,838.6076190476191,840.6076190476191,1,11,12,door_nock
door_nock_165.wav,222222,3226.501179138322,3228.501179138322,1,11,12,door_nock
door_nock_166.wav,222222,1843.5468480725624,1845.5468480725624,1,11,12,door_nock
door_nock_167.wav,222222,3584.2125170068025,3586.2125170068025,1,11,12,door_nock
door_nock_168.wav,222222,3141.6107029478458,3143.6107029478458,1,11,12,door_nock
door_nock_169.wav,222222,1083.2018140589569,1085.2018140589569,1,11,12,door_nock
door_nock_170.wav,222222,2069.8508843537415,2071.8508843537415,1,11,12,door_nock
door_nock_171.wav,222222,2968.0422675736963,2970.0422675736963,1,11,12,door_nock
door_nock_172.wav,222222,3540.652879818594,3542.652879818594,1,11,12,door_nock
door_nock_173.wav,222222,538.2507936507936,540.2507936507936,1,11,12,door_nock
door_nock_174.wav,222222,442.91569160997733,444.91569160997733,1,11,12,door_nock
door_nock_175.wav,222222,2810.1003628117915,2812.1003628117915,1,11,12,door_nock
door_nock_176.wav,222222,1592.503492063492,1594.503492063492,1,11,12,door_nock
door_nock_177.wav,222222,1594.0221768707484,1596.0221768707484,1,11,12,door_nock
door_nock_178.wav,222222,238.16766439909298,240.16766439909298,1,11,12,door_nock
door_nock_179.wav,222222,548.7175510204081,550.7175510204081,1,11,12,door_nock
door_nock_180.wav,222222,3070.3508390022675,3072.3508390022675,1,11,12,door_nock
door_nock_181.wav,222222,3106.3996825396825,3108.3996825396825,1,11,12,door_nock
door_nock_182.wav,222222,1959.051700680272,1961.051700680272,1,11,12,door_nock
door_nock_183.wav,222222,2775.9248979591835,2777.9248979591835,1,11,12,door_nock
door_nock_184.wav,222222,1166.0632653061225,1168.0632653061225,1,11,12,door_nock
door_nock_185.wav,222222,2517.925804988662,2519.925804988662,1,11,12,door_nock
door_nock_186.wav,222222,2798.779909297052,2800.779909297052,1,11,12,door_nock
door_nock_187.wav,222222,3476.7515192743763,3478.7515192743763,1,11,12,door_nock
door_nock_188.wav,222222,1790.6224036281178,1792.6224036281178,1,11,12,door_nock
door_nock_189.wav,222222,1653.3340136054421,1655.3340136054421,1,11,12,door_nock
door_nock_190.wav,222222,527.5829931972789,529.5829931972789,1,11,12,door_nock
door_nock_191.wav,222222,1927.2683900226757,1929.2683900226757,1,11,12,door_nock
door_nock_192.wav,222222,1959.4733333333334,1961.4733333333334,1,11,12,door_nock
door_nock_193.wav,222222,1220.7149659863946,1222.7149659863946,1,11,12,door_nock
door_nock_194.wav,222222,2948.804081632653,2950.804081632653,1,11,12,door_nock
door_nock_195.wav,222222,1100.7159637188208,1102.7159637188208,1,11,12,door_nock
door_nock_196.wav,222222,1247.6331065759637,1249.6331065759637,1,11,12,door_nock
door_nock_197.wav,222222,2329.027029478458,2331.027029478458,1,11,12,door_nock
door_nock_198.wav,222222,3344.57514739229,3346.57514739229,1,11,12,door_nock
door_nock_199.wav,222222,3102.5944671201814,3104.5944671201814,1,11,12,door_nock
door_nock_200.wav,222222,2345.3859863945577,2347.3859863945577,1,11,12,door_nock
door_nock_201.wav,222222,1470.312970521542,1472.312970521542,1,11,12,door_nock
door_nock_202.wav,222222,1280.5123356009071,1282.5123356009071,1,11,12,door_nock
door_nock_203.wav,222222,1873.5926984126984,1875.5926984126984,1,11,12,door_nock
door_nock_204.wav,222222,394.2610884353742,396.2610884353742,1,11,12,door_nock
door_nock_205.wav,222222,2734.005351473923,2736.005351473923,1,11,12,door_nock
door_nock_206.wav,222222,2754.8014512471655,2756.8014512471655,1,11,12,door_nock
door_nock_207.wav,222222,22.796825396825398,24.796825396825398,1,11,12,door_nock
door_nock_208.wav,222222,360.84802721088437,362.84802721088437,1,11,12,door_nock
door_nock_209.wav,222222,974.0206802721088,976.0206802721088,1,11,12,door_nock
door_nock_210.wav,222222,167.8986394557823,169.8986394557823,1,11,12,door_nock
door_nock_211.wav,222222,2097.4038548752833,2099.4038548752833,1,11,12,door_nock
door_nock_212.wav,222222,884.2280725623583,886.2280725623583,1,11,12,door_nock
door_nock_213.wav,222222,1599.157732426304,1601.157732426304,1,11,12,door_nock
door_nock_214.wav,222222,1309.4767346938775,1311.4767346938775,1,11,12,door_nock
door_nock_215.wav,222222,3525.4785941043083,3527.4785941043083,1,11,12,door_nock
door_nock_216.wav,222222,3474.495238095238,3476.495238095238,1,11,12,door_nock
door_nock_217.wav,222222,323.42625850340136,325.42625850340136,1,11,12,door_nock
door_nock_218.wav,222222,3098.0909750566893,3100.0909750566893,1,11,12,door_nock
door_nock_219.wav,222222,2451.0554648526077,2453.0554648526077,1,11,12,door_nock
door_nock_220.wav,222222,1861.937641723356,1863.937641723356,1,11,12,door_nock
door_nock_221.wav,222222,85.95614512471656,87.95614512471656,1,11,12,door_nock
door_nock_222.wav,222222,696.583537414966,698.583537414966,1,11,12,door_nock
door_nock_223.wav,222222,2572.981179138322,2574.981179138322,1,11,12,door_nock
door_nock_224.wav,222222,6.730929705215419,8.73092970521542,1,11,12,door_nock
door_nock_225.wav,222222,332.9412244897959,334.9412244897959,1,11,12,door_nock
door_nock_226.wav,222222,944.9275283446711,946.9275283446711,1,11,12,door_nock
door_nock_227.wav,222222,2663.4221768707484,2665.4221768707484,1,11,12,door_nock
door_nock_228.wav,222222,3131.5886621315194,3133.5886621315194,1,11,12,door_nock
door_nock_229.wav,222222,393.3248526077098,395.3248526077098,1,11,12,door_nock
door_nock_230.wav,222222,2952.814739229025,2954.814739229025,1,11,12,door_nock
door_nock_231.wav,222222,2443.482267573696,2445.482267573696,1,11,12,door_nock
door_nock_232.wav,222222,3034.4455328798185,3036.4455328798185,1,11,12,door_nock
door_nock_233.wav,222222,2948.0901587301587,2950.0901587301587,1,11,12,door_nock
door_nock_234.wav,222222,2105.724036281179,2107.724036281179,1,11,12,door_nock
door_nock_235.wav,222222,1476.097142857143,1478.097142857143,1,11,12,door_nock
door_nock_236.wav,222222,2709.704126984127,2711.704126984127,1,11,12,door_nock
door_nock_237.wav,222222,68.80675736961452,70.80675736961452,1,11,12,door_nock
door_nock_238.wav,222222,397.22725623582767,399.22725623582767,1,11,12,door_nock
door_nock_239.wav,222222,1773.1967800453515,1775.1967800453515,1,11,12,door_nock
door_nock_240.wav,222222,3391.8508843537415,3393.8508843537415,1,11,12,door_nock
door_nock_241.wav,222222,643.1812244897959,645.1812244897959,1,11,12,door_nock
door_nock_242.wav,222222,2337.6204535147394,2339.6204535147394,1,11,12,door_nock
door_nock_243.wav,222222,1844.1126077097506,1846.1126077097506,1,11,12,door_nock
door_nock_244.wav,222222,1510.6170975056689,1512.6170975056689,1,11,12,door_nock
door_nock_245.wav,222222,3163.2565532879817,3165.2565532879817,1,11,12,door_nock
door_nock_246.wav,222222,663.7858503401361,665.7858503401361,1,11,12,door_nock
door_nock_247.wav,222222,959.6914285714286,961.6914285714286,1,11,12,door_nock
door_nock_248.wav,222222,2495.0968707482994,2497.0968707482994,1,11,12,door_nock
door_nock_249.wav,222222,3516.220589569161,3518.220589569161,1,11,12,door_nock
door_nock_250.wav,222222,2092.611700680272,2094.611700680272,1,11,12,door_nock
door_nock_251.wav,222222,2738.6375056689344,2740.6375056689344,1,11,12,door_nock
door_nock_252.wav,222222,1698.3868934240363,1700.3868934240363,1,11,12,door_nock
door_nock_253.wav,222222,3124.829523809524,3126.829523809524,1,11,12,door_nock
door_nock_254.wav,222222,1782.306394557823,1784.306394557823,1,11,12,door_nock
door_nock_255.wav,222222,2859.89156462585,2861.89156462585,1,11,12,door_nock
door_nock_256.wav,222222,2137.9379138321997,2139.9379138321997,1,11,12,door_nock
door_nock_257.wav,222222,1175.038321995465,1177.038321995465,1,11,12,door_nock
door_nock_258.wav,222222,1674.3277551020408,1676.3277551020408,1,11,12,door_nock
door_nock_259.wav,222222,881.7511111111111,883.7511111111111,1,11,12,door_nock
door_nock_260.wav,222222,67.67954648526077,69.67954648526077,1,11,12,door_nock
door_nock_261.wav,222222,1507.878866213152,1509.878866213152,1,11,12,door_nock
door_nock_262.wav,222222,2380.1615419501136,2382.1615419501136,1,11,12,door_nock
door_nock_263.wav,222222,1790.3545124716554,1792.3545124716554,1,11,12,door_nock
door_nock_264.wav,222222,1160.9357369614513,1162.9357369614513,1,11,12,door_nock
door_nock_265.wav,222222,1960.9926530612245,1962.9926530612245,1,11,12,door_nock
door_nock_266.wav,222222,1407.986575963719,1409.986575963719,1,11,12,door_nock
door_nock_267.wav,222222,2592.194784580499,2594.194784580499,1,11,12,door_nock
door_nock_268.wav,222222,1501.0879365079365,1503.0879365079365,1,11,12,door_nock
door_nock_269.wav,222222,943.2619047619048,945.2619047619048,1,11,12,door_nock
door_nock_270.wav,222222,3047.227709750567,3049.227709750567,1,11,12,door_nock
door_nock_271.wav,222222,1129.4513378684808,1131.4513378684808,1,11,12,door_nock
door_nock_272.wav,222222,1726.3997732426303,1728.3997732426303,1,11,12,door_nock
door_nock_273.wav,222222,2196.262403628118,2198.262403628118,1,11,12,door_nock
door_nock_274.wav,222222,9.159818594104308,11.159818594104308,1,11,12,door_nock
door_nock_275.wav,222222,351.0278004535147,353.0278004535147,1,11,12,door_nock
door_nock_276.wav,222222,574.1628117913832,576.1628117913832,1,11,12,door_nock
door_nock_277.wav,222222,3596.554784580499,3598.554784580499,1,11,12,door_nock
door_nock_278.wav,222222,1500.7983673469387,1502.7983673469387,1,11,12,door_nock
door_nock_279.wav,222222,1361.7651700680271,1363.7651700680271,1,11,12,door_nock
door_nock_280.wav,222222,155.65682539682538,157.65682539682538,1,11,12,door_nock
door_nock_281.wav,222222,947.4596371882086,949.4596371882086,1,11,12,door_nock
door_nock_282.wav,222222,666.2437188208617,668.2437188208617,1,11,12,door_nock
door_nock_283.wav,222222,2743.5186848072562,2745.5186848072562,1,11,12,door_nock
door_nock_284.wav,222222,3526.5890249433105,3528.5890249433105,1,11,12,door_nock
door_nock_285.wav,222222,743.5497505668934,745.5497505668934,1,11,12,door_nock
door_nock_286.wav,222222,606.6755555555555,608.6755555555555,1,11,12,door_nock
door_nock_287.wav,222222,17.235555555555557,19.235555555555557,1,11,12,door_nock
door_nock_288.wav,222222,3453.3867573696143,3455.3867573696143,1,11,12,door_nock
door_nock_289.wav,222222,865.8182766439909,867.8182766439909,1,11,12,door_nock
door_nock_290.wav,222222,1994.1303401360544,1996.1303401360544,1,11,12,door_nock
door_nock_291.wav,222222,1174.6856689342403,1176.6856689342403,1,11,12,door_nock
door_nock_292.wav,222222,2298.236825396825,2300.236825396825,1,11,12,door_nock
door_nock_293.wav,222222,2640.7707936507936,2642.7707936507936,1,11,12,door_nock
door_nock_294.wav,222222,1263.0426303854874,1265.0426303854874,1,11,12,door_nock
door_nock_295.wav,222222,2588.8045351473925,2590.8045351473925,1,11,12,door_nock
door_nock_296.wav,222222,840.2673015873016,842.2673015873016,1,11,12,door_nock
door_nock_297.wav,222222,719.2717006802721,721.2717006802721,1,11,12,door_nock
door_nock_298.wav,222222,1700.0050793650794,1702.0050793650794,1,11,12,door_nock
door_nock_299.wav,222222,710.7960544217688,712.7960544217688,1,11,12,door_nock
door_nock_300.wav,222222,2644.268117913832,2646.268117913832,1,11,12,door_nock
door_nock_301.wav,222222,263.4254421768708,265.4254421768708,1,11,12,door_nock
door_nock_302.wav,222222,3080.8685714285716,3082.8685714285716,1,11,12,door_nock
door_nock_303.wav,222222,819.7753287981859,821.7753287981859,1,11,12,door_nock
door_nock_304.wav,222222,1221.1922448979592,1223.1922448979592,1,11,12,door_nock
door_nock_305.wav,222222,1141.0001360544218,1143.0001360544218,1,11,12,door_nock
door_nock_306.wav,222222,1824.8691156462585,1826.8691156462585,1,11,12,door_nock
door_nock_307.wav,222222,3393.575873015873,3395.575873015873,1,11,12,door_nock
door_nock_308.wav,222222,463.68789115646257,465.68789115646257,1,11,12,door_nock
door_nock_309.wav,222222,99.5914739229025,101.5914739229025,1,11,12,door_nock
door_nock_310.wav,222222,1555.8875283446712,1557.8875283446712,1,11,12,door_nock
door_nock_311.wav,222222,3096.108843537415,3098.108843537415,1,11,12,door_nock
door_nock_312.wav,222222,3475.845170068027,3477.845170068027,1,11,12,door_nock
door_nock_313.wav,222222,620.6104308390022,622.6104308390022,1,11,12,door_nock
door_nock_314.wav,222222,2796.829569160998,2798.829569160998,1,11,12,door_nock
door_nock_315.wav,222222,3359.1161451247167,3361.1161451247167,1,11,12,door_nock
door_nock_316.wav,222222,2369.1261224489795,2371.1261224489795,1,11,12,door_nock
door_nock_317.wav,222222,989.0603628117914,991.0603628117914,1,11,12,door_nock
door_nock_318.wav,222222,1235.4133333333334,1237.4133333333334,1,11,12,door_nock
door_nock_319.wav,222222,1167.9952380952382,1169.9952380952382,1,11,12,door_nock
door_nock_320.wav,222222,2656.9720181405896,2658.9720181405896,1,11,12,door_nock
door_nock_321.wav,222222,1776.602993197279,1778.602993197279,1,11,12,door_nock
door_nock_322.wav,222222,657.5347392290249,659.5347392290249,1,11,12,door_nock
door_nock_323.wav,222222,2632.717641723356,2634.717641723356,1,11,12,door_nock
door_nock_324.wav,222222,1567.0352380952381,1569.0352380952381,1,11,12,door_nock
door_nock_325.wav,222222,2431.318276643991,2433.318276643991,1,11,12,door_nock
door_nock_326.wav,222222,2248.348163265306,2250.348163265306,1,11,12,door_nock
door_nock_327.wav,222222,1129.0133333333333,1131.0133333333333,1,11,12,door_nock
door_nock_328.wav,222222,2743.115283446712,2745.115283446712,1,11,12,door_nock
door_nock_329.wav,222222,3135.5043083900227,3137.5043083900227,1,11,12,door_nock
door_nock_330.wav,222222,3469.0643537414967,3471.0643537414967,1,11,12,door_nock
door_nock_331.wav,222222,2955.5984126984126,2957.5984126984126,1,11,12,door_nock
door_nock_332.wav,222222,1542.1127891156464,1544.1127891156464,1,11,12,door_nock
door_nock_333.wav,222222,3303.033560090703,3305.033560090703,1,11,12,door_nock
door_nock_334.wav,222222,1616.743492063492,1618.743492063492,1,11,12,door_nock
door_nock_335.wav,222222,2274.638231292517,2276.638231292517,1,11,12,door_nock
door_nock_336.wav,222222,341.8219954648526,343.8219954648526,1,11,12,door_nock
door_nock_337.wav,222222,69.27315192743764,71.27315192743764,1,11,12,door_nock
door_nock_338.wav,222222,3541.032698412698,3543.032698412698,1,11,12,door_nock
door_nock_339.wav,222222,3031.058140589569,3033.058140589569,1,11,12,door_nock
door_nock_340.wav,222222,1409.8714739229024,1411.8714739229024,1,11,12,door_nock
door_nock_341.wav,222222,1094.3660770975057,1096.3660770975057,1,11,12,door_nock
door_nock_342.wav,222222,2808.806485260771,2810.806485260771,1,11,12,door_nock
door_nock_343.wav,222222,633.7716099773243,635.7716099773243,1,11,12,door_nock
door_nock_344.wav,222222,3554.7560997732426,3556.7560997732426,1,11,12,door_nock
door_nock_345.wav,222222,2773.4613151927438,2775.4613151927438,1,11,12,door_nock
door_nock_346.wav,222222,3118.909160997732,3120.909160997732,1,11,12,door_nock
door_nock_347.wav,222222,255.76385487528344,257.76385487528347,1,11,12,door_nock
door_nock_348.wav,222222,2678.0109750566894,2680.0109750566894,1,11,12,door_nock
door_nock_349.wav,222222,1687.0219501133786,1689.0219501133786,1,11,12,door_nock
door_nock_350.wav,222222,1576.6062585034012,1578.6062585034012,1,11,12,door_nock
door_nock_351.wav,222222,1064.5484807256237,1066.5484807256237,1,11,12,door_nock
door_nock_352.wav,222222,3583.9190929705214,3585.9190929705214,1,11,12,door_nock
door_nock_353.wav,222222,3242.532199546485,3244.532199546485,1,11,12,door_nock
door_nock_354.wav,222222,1735.053469387755,1737.053469387755,1,11,12,door_nock
door_nock_355.wav,222222,70.03587301587302,72.03587301587302,1,11,12,door_nock
door_nock_356.wav,222222,1734.5737414965986,1736.5737414965986,1,11,12,door_nock
door_nock_357.wav,222222,2553.490113378685,2555.490113378685,1,11,12,door_nock
door_nock_358.wav,222222,1590.247619047619,1592.247619047619,1,11,12,door_nock
door_nock_359.wav,222222,2835.4211337868483,2837.4211337868483,1,11,12,door_nock
door_nock_360.wav,222222,369.73278911564626,371.73278911564626,1,11,12,door_nock
door_nock_361.wav,222222,2509.478049886621,2511.478049886621,1,11,12,door_nock
door_nock_362.wav,222222,1161.5165986394559,1163.5165986394559,1,11,12,door_nock
door_nock_363.wav,222222,309.14798185941044,311.14798185941044,1,11,12,door_nock
door_nock_364.wav,222222,350.3865306122449,352.3865306122449,1,11,12,door_nock
door_nock_365.wav,222222,27.167709750566893,29.167709750566893,1,11,12,door_nock
door_nock_366.wav,222222,1340.8215419501134,1342.8215419501134,1,11,12,door_nock
door_nock_367.wav,222222,2718.2809070294784,2720.2809070294784,1,11,12,door_nock
door_nock_368.wav,222222,3008.643537414966,3010.643537414966,1,11,12,door_nock
door_nock_369.wav,222222,1686.3662585034015,1688.3662585034015,1,11,12,door_nock
door_nock_370.wav,222222,3080.995963718821,3082.995963718821,1,11,12,door_nock
door_nock_371.wav,222222,2232.6551473922905,2234.6551473922905,1,11,12,door_nock
door_nock_372.wav,222222,3406.7790022675736,3408.7790022675736,1,11,12,door_nock
door_nock_373.wav,222222,1356.549297052154,1358.549297052154,1,11,12,door_nock
door_nock_374.wav,222222,1080.9340136054423,1082.9340136054423,1,11,12,door_nock
door_nock_375.wav,222222,3363.642494331066,3365.642494331066,1,11,12,door_nock
door_nock_376.wav,222222,2347.3043083900225,2349.3043083900225,1,11,12,door_nock
door_nock_377.wav,222222,697.4477097505669,699.4477097505669,1,11,12,door_nock
door_nock_378.wav,222222,1552.4439002267575,1554.4439002267575,1,11,12,door_nock
door_nock_379.wav,222222,1253.4496598639455,1255.4496598639455,1,11,12,door_nock
door_nock_380.wav,222222,763.8695238095238,765.8695238095238,1,11,12,door_nock
door_nock_381.wav,222222,1132.9153741496598,1134.9153741496598,1,11,12,door_nock
door_nock_382.wav,222222,3551.544943310658,3553.544943310658,1,11,12,door_nock
door_nock_383.wav,222222,2901.676235827664,2903.676235827664,1,11,12,door_nock
door_nock_384.wav,222222,3582.0308843537414,3584.0308843537414,1,11,12,door_nock
door_nock_385.wav,222222,14.764716553287982,16.764716553287982,1,11,12,door_nock
door_nock_386.wav,222222,1406.0306575963718,1408.0306575963718,1,11,12,door_nock
door_nock_387.wav,222222,879.2494784580499,881.2494784580499,1,11,12,door_nock
door_nock_388.wav,222222,3330.0832199546485,3332.0832199546485,1,11,12,door_nock
door_nock_389.wav,222222,470.0613151927438,472.0613151927438,1,11,12,door_nock
door_nock_390.wav,222222,1260.7512925170067,1262.7512925170067,1,11,12,door_nock
door_nock_391.wav,222222,2677.2632199546483,2679.2632199546483,1,11,12,door_nock
door_nock_392.wav,222222,2782.7775510204083,2784.7775510204083,1,11,12,door_nock
door_nock_393.wav,222222,3428.070702947846,3430.070702947846,1,11,12,door_nock
door_nock_394.wav,222222,3389.196281179138,3391.196281179138,1,11,12,door_nock
door_nock_395.wav,222222,923.7982766439909,925.7982766439909,1,11,12,door_nock
door_nock_396.wav,222222,1117.8395011337868,1119.8395011337868,1,11,12,door_nock
door_nock_397.wav,222222,3456.330702947846,3458.330702947846,1,11,12,door_nock
door_nock_398.wav,222222,736.9774603174603,738.9774603174603,1,11,12,door_nock
door_nock_399.wav,222222,2066.723129251701,2068.723129251701,1,11,12,door_nock
door_nock_400.wav,222222,1571.9351020408162,1573.9351020408162,1,11,12,door_nock
door_nock_401.wav,222222,890.8243537414966,892.8243537414966,1,11,12,door_nock
door_nock_402.wav,222222,2802.8050340136056,2804.8050340136056,1,11,12,door_nock
door_nock_403.wav,222222,1290.4486167800453,1292.4486167800453,1,11,12,door_nock
door_nock_404.wav,222222,3015.19410430839,3017.19410430839,1,11,12,door_nock
door_nock_405.wav,222222,2290.252426303855,2292.252426303855,1,11,12,door_nock
door_nock_406.wav,222222,1145.8585034013606,1147.8585034013606,1,11,12,door_nock
door_nock_407.wav,222222,739.0608616780046,741.0608616780046,1,11,12,door_nock
door_nock_408.wav,222222,187.3960544217687,189.3960544217687,1,11,12,door_nock
door_nock_409.wav,222222,926.7933333333333,928.7933333333333,1,11,12,door_nock
door_nock_410.wav,222222,1723.7034013605441,1725.7034013605441,1,11,12,door_nock
door_nock_411.wav,222222,2966.6185487528346,2968.6185487528346,1,11,12,door_nock
door_nock_412.wav,222222,2751.228072562358,2753.228072562358,1,11,12,door_nock
door_nock_413.wav,222222,2086.575691609977,2088.575691609977,1,11,12,door_nock
door_nock_414.wav,222222,786.7292517006803,788.7292517006803,1,11,12,door_nock
door_nock_415.wav,222222,1250.224716553288,1252.224716553288,1,11,12,door_nock
door_nock_416.wav,222222,1267.8531972789115,1269.8531972789115,1,11,12,door_nock
door_nock_417.wav,222222,662.2243083900227,664.2243083900227,1,11,12,door_nock
door_nock_418.wav,222222,854.8936507936507,856.8936507936507,1,11,12,door_nock
door_nock_419.wav,222222,2952.5303401360543,2954.5303401360543,1,11,12,door_nock
door_nock_420.wav,222222,3322.5637641723356,3324.5637641723356,1,11,12,door_nock
door_nock_421.wav,222222,2500.4774149659866,2502.4774149659866,1,11,12,door_nock
door_nock_422.wav,222222,3550.2498412698415,3552.2498412698415,1,11,12,door_nock
door_nock_423.wav,222222,1397.1326077097506,1399.1326077097506,1,11,12,door_nock
door_nock_424.wav,222222,72.78902494331066,74.78902494331066,1,11,12,door_nock
door_nock_425.wav,222222,1679.6905668934241,1681.6905668934241,1,11,12,door_nock
door_nock_426.wav,222222,502.8469387755102,504.8469387755102,1,11,12,door_nock
door_nock_427.wav,222222,2626.6408163265305,2628.6408163265305,1,11,12,door_nock
door_nock_428.wav,222222,364.1984126984127,366.1984126984127,1,11,12,door_nock
door_nock_429.wav,222222,3091.658276643991,3093.658276643991,1,11,12,door_nock
door_nock_430.wav,222222,174.35714285714286,176.35714285714286,1,11,12,door_nock
door_nock_431.wav,222222,3057.4714739229025,3059.4714739229025,1,11,12,door_nock
door_nock_432.wav,222222,1133.7036734693877,1135.7036734693877,1,11,12,door_nock
door_nock_433.wav,222222,2132.980045351474,2134.980045351474,1,11,12,door_nock
door_nock_434.wav,222222,1869.5656689342404,1871.5656689342404,1,11,12,door_nock
door_nock_435.wav,222222,2277.694285714286,2279.694285714286,1,11,12,door_nock
door_nock_436.wav,222222,357.3431746031746,359.3431746031746,1,11,12,door_nock
door_nock_437.wav,222222,1650.0450340136053,1652.0450340136053,1,11,12,door_nock
door_nock_438.wav,222222,1708.7273469387756,1710.7273469387756,1,11,12,door_nock
door_nock_439.wav,222222,3286.04693877551,3288.04693877551,1,11,12,door_nock
door_nock_440.wav,222222,1755.6646712018141,1757.6646712018141,1,11,12,door_nock
door_nock_441.wav,222222,188.52072562358276,190.52072562358276,1,11,12,door_nock
door_nock_442.wav,222222,3377.956507936508,3379.956507936508,1,11,12,door_nock
door_nock_443.wav,222222,1712.0631746031745,1714.0631746031745,1,11,12,door_nock
door_nock_444.wav,222222,1604.6567800453515,1606.6567800453515,1,11,12,door_nock
door_nock_445.wav,222222,1428.5255782312925,1430.5255782312925,1,11,12,door_nock
door_nock_446.wav,222222,230.1667120181406,232.1667120181406,1,11,12,door_nock
door_nock_447.wav,222222,1079.6455782312926,1081.6455782312926,1,11,12,door_nock
door_nock_448.wav,222222,1738.2063945578232,1740.2063945578232,1,11,12,door_nock
door_nock_449.wav,222222,1498.9437188208617,1500.9437188208617,1,11,12,door_nock
door_nock_450.wav,222222,401.41732426303855,403.41732426303855,1,11,12,door_nock
door_nock_451.wav,222222,2595.9792743764174,2597.9792743764174,1,11,12,door_nock
door_nock_452.wav,222222,2076.335283446712,2078.335283446712,1,11,12,door_nock
door_nock_453.wav,222222,3359.8751473922903,3361.8751473922903,1,11,12,door_nock
door_nock_454.wav,222222,2564.393469387755,2566.393469387755,1,11,12,door_nock
door_nock_455.wav,222222,567.7097959183674,569.7097959183674,1,11,12,door_nock
door_nock_456.wav,222222,253.74263038548753,255.74263038548753,1,11,12,door_nock
door_nock_457.wav,222222,2876.376916099773,2878.376916099773,1,11,12,door_nock
door_nock_458.wav,222222,142.61120181405894,144.61120181405894,1,11,12,door_nock
door_nock_459.wav,222222,755.2460317460317,757.2460317460317,1,11,12,door_nock
door_nock_460.wav,222222,2891.2933333333335,2893.2933333333335,1,11,12,door_nock
door_nock_461.wav,222222,2048.744081632653,2050.744081632653,1,11,12,door_nock
door_nock_462.wav,222222,1693.01179138322,1695.01179138322,1,11,12,door_nock
door_nock_463.wav,222222,2735.0022675736964,2737.0022675736964,1,11,12,door_nock
door_nock_464.wav,222222,3303.6160544217687,3305.6160544217687,1,11,12,door_nock
door_nock_465.wav,222222,2612.510612244898,2614.510612244898,1,11,12,door_nock
door_nock_466.wav,222222,1338.9598639455783,1340.9598639455783,1,11,12,door_nock
door_nock_467.wav,222222,1666.9159183673469,1668.9159183673469,1,11,12,door_nock
door_nock_468.wav,222222,2146.1472108843536,2148.1472108843536,1,11,12,door_nock
door_nock_469.wav,222222,1991.7045351473923,1993.7045351473923,1,11,12,door_nock
door_nock_470.wav,222222,1358.5860770975057,1360.5860770975057,1,11,12,door_nock
door_nock_471.wav,222222,3268.3809523809523,3270.3809523809523,1,11,12,door_nock
door_nock_472.wav,222222,2827.6267573696146,2829.6267573696146,1,11,12,door_nock
door_nock_473.wav,222222,1569.960634920635,1571.960634920635,1,11,12,door_nock
door_nock_474.wav,222222,1917.337641723356,1919.337641723356,1,11,12,door_nock
door_nock_475.wav,222222,227.42489795918368,229.42489795918368,1,11,12,door_nock
door_nock_476.wav,222222,1322.1795918367347,1324.1795918367347,1,11,12,door_nock
door_nock_477.wav,222222,981.5359637188209,983.5359637188209,1,11,12,door_nock
door_nock_478.wav,222222,1184.381768707483,1186.381768707483,1,11,12,door_nock
door_nock_479.wav,222222,3025.8331972789115,3027.8331972789115,1,11,12,door_nock
door_nock_480.wav,222222,1136.2884353741497,1138.2884353741497,1,11,12,door_nock
door_nock_481.wav,222222,2565.5157369614512,2567.5157369614512,1,11,12,door_nock
door_nock_482.wav,222222,1143.0633106575963,1145.0633106575963,1,11,12,door_nock
door_nock_483.wav,222222,2801.5334693877553,2803.5334693877553,1,11,12,door_nock
door_nock_484.wav,222222,2218.5622222222223,2220.5622222222223,1,11,12,door_nock
door_nock_485.wav,222222,1238.2204988662131,1240.2204988662131,1,11,12,door_nock
door_nock_486.wav,222222,441.68480725623584,443.68480725623584,1,11,12,door_nock
door_nock_487.wav,222222,1335.975918367347,1337.975918367347,1,11,12,door_nock
door_nock_488.wav,222222,2518.1189569160997,2520.1189569160997,1,11,12,door_nock
door_nock_489.wav,222222,2826.7097505668935,2828.7097505668935,1,11,12,door_nock
door_nock_490.wav,222222,1008.7774149659864,1010.7774149659864,1,11,12,door_nock
door_nock_491.wav,222222,281.87927437641724,283.87927437641724,1,11,12,door_nock
door_nock_492.wav,222222,185.14657596371882,187.14657596371882,1,11,12,door_nock
door_nock_493.wav,222222,1097.2726984126984,1099.2726984126984,1,11,12,door_nock
door_nock_494.wav,222222,3111.486485260771,3113.486485260771,1,11,12,door_nock
door_nock_495.wav,222222,1286.996553287982,1288.996553287982,1,11,12,door_nock
door_nock_496.wav,222222,903.0295691609978,905.0295691609978,1,11,12,door_nock
door_nock_497.wav,222222,2269.2258503401363,2271.2258503401363,1,11,12,door_nock
door_nock_498.wav,222222,1745.6838548752835,1747.6838548752835,1,11,12,door_nock
door_nock_499.wav,222222,2462.563492063492,2464.563492063492,1,11,12,door_nock
door_nock_500.wav,222222,2630.1321995464855,2632.1321995464855,1,11,12,door_nock
door_nock_501.wav,222222,341.3075283446712,343.3075283446712,1,11,12,door_nock
door_nock_502.wav,222222,2165.2832653061223,2167.2832653061223,1,11,12,door_nock
door_nock_503.wav,222222,312.3750113378685,314.3750113378685,1,11,12,door_nock
door_nock_504.wav,222222,1713.0651247165533,1715.0651247165533,1,11,12,door_nock
door_nock_505.wav,222222,1070.7471655328798,1072.7471655328798,1,11,12,door_nock
door_nock_506.wav,222222,2496.291020408163,2498.291020408163,1,11,12,door_nock
door_nock_507.wav,222222,3129.5532879818593,3131.5532879818593,1,11,12,door_nock
door_nock_508.wav,222222,2444.8092517006803,2446.8092517006803,1,11,12,door_nock
door_nock_509.wav,222222,3044.8854875283446,3046.8854875283446,1,11,12,door_nock
door_nock_510.wav,222222,3549.701133786848,3551.701133786848,1,11,12,door_nock
door_nock_511.wav,222222,2801.397641723356,2803.397641723356,1,11,12,door_nock
door_nock_512.wav,222222,640.0423129251701,642.0423129251701,1,11,12,door_nock
door_nock_513.wav,222222,2047.593560090703,2049.593560090703,1,11,12,door_nock
door_nock_514.wav,222222,2271.9356009070293,2273.9356009070293,1,11,12,door_nock
door_nock_515.wav,222222,1296.5179591836734,1298.5179591836734,1,11,12,door_nock
door_nock_516.wav,222222,676.9851700680272,678.9851700680272,1,11,12,door_nock
door_nock_517.wav,222222,2588.6535600907027,2590.6535600907027,1,11,12,door_nock
door_nock_518.wav,222222,37.23614512471655,39.23614512471655,1,11,12,door_nock
door_nock_519.wav,222222,1359.112290249433,1361.112290249433,1,11,12,door_nock
door_nock_520.wav,222222,1250.4419047619047,1252.4419047619047,1,11,12,door_nock
door_nock_521.wav,222222,2479.658185941043,2481.658185941043,1,11,12,door_nock
door_nock_522.wav,222222,1644.8945124716554,1646.8945124716554,1,11,12,door_nock
door_nock_523.wav,222222,1063.720680272109,1065.720680272109,1,11,12,door_nock
door_nock_524.wav,222222,672.3842176870749,674.3842176870749,1,11,12,door_nock
door_nock_525.wav,222222,163.98725623582766,165.98725623582766,1,11,12,door_nock
door_nock_526.wav,222222,1481.285941043084,1483.285941043084,1,11,12,door_nock
door_nock_527.wav,222222,1389.0288888888888,1391.0288888888888,1,11,12,door_nock
door_nock_528.wav,222222,1012.2711111111112,1014.2711111111112,1,11,12,door_nock
door_nock_529.wav,222222,1537.3526530612246,1539.3526530612246,1,11,12,door_nock
door_nock_530.wav,222222,814.2051700680272,816.2051700680272,1,11,12,door_nock
door_nock_531.wav,222222,2660.389977324263,2662.389977324263,1,11,12,door_nock
door_nock_532.wav,222222,1899.093015873016,1901.093015873016,1,11,12,door_nock
door_nock_533.wav,222222,3544.4655782312925,3546.4655782312925,1,11,12,door_nock
door_nock_534.wav,222222,1433.2368707482992,1435.2368707482992,1,11,12,door_nock
door_nock_535.wav,222222,717.7265759637188,719.7265759637188,1,11,12,door_nock
door_nock_536.wav,222222,104.85034013605443,106.85034013605443,1,11,12,door_nock
door_nock_537.wav,222222,2406.085941043084,2408.085941043084,1,11,12,door_nock
door_nock_538.wav,222222,1224.0092063492064,1226.0092063492064,1,11,12,door_nock
door_nock_539.wav,222222,2194.1131972789117,2196.1131972789117,1,11,12,door_nock
door_nock_540.wav,222222,2496.163492063492,2498.163492063492,1,11,12,door_nock
door_nock_541.wav,222222,1500.2469387755102,1502.2469387755102,1,11,12,door_nock
door_nock_542.wav,222222,2991.2601814058958,2993.2601814058958,1,11,12,door_nock
door_nock_543.wav,222222,3055.584081632653,3057.584081632653,1,11,12,door_nock
door_nock_544.wav,222222,2883.6063038548755,2885.6063038548755,1,11,12,door_nock
door_nock_545.wav,222222,6.2240816326530615,8.22408163265306,1,11,12,door_nock
door_nock_546.wav,222222,192.0292970521542,194.0292970521542,1,11,12,door_nock
door_nock_547.wav,222222,897.0413605442177,899.0413605442177,1,11,12,door_nock
door_nock_548.wav,222222,1732.8256235827664,1734.8256235827664,1,11,12,door_nock
door_nock_549.wav,222222,40.1978231292517,42.1978231292517,1,11,12,door_nock
door_nock_550.wav,222222,2895.159319727891,2897.159319727891,1,11,12,door_nock
door_nock_551.wav,222222,554.4593197278912,556.4593197278912,1,11,12,door_nock
door_nock_552.wav,222222,2279.536598639456,2281.536598639456,1,11,12,door_nock
door_nock_553.wav,222222,994.057641723356,996.057641723356,1,11,12,door_nock
door_nock_554.wav,222222,1750.668934240363,1752.668934240363,1,11,12,door_nock
door_nock_555.wav,222222,1249.588117913832,1251.588117913832,1,11,12,door_nock
door_nock_556.wav,222222,2603.4739682539685,2605.4739682539685,1,11,12,door_nock
door_nock_557.wav,222222,1262.6604535147392,1264.6604535147392,1,11,12,door_nock
door_nock_558.wav,222222,1070.567074829932,1072.567074829932,1,11,12,door_nock
door_nock_559.wav,222222,1982.4656235827665,1984.4656235827665,1,11,12,door_nock
door_nock_560.wav,222222,559.2944671201814,561.2944671201814,1,11,12,door_nock
door_nock_561.wav,222222,930.6063038548753,932.6063038548753,1,11,12,door_nock
door_nock_562.wav,222222,2181.641723356009,2183.641723356009,1,11,12,door_nock
door_nock_563.wav,222222,1917.6636281179137,1919.6636281179137,1,11,12,door_nock
door_nock_564.wav,222222,3239.8808616780047,3241.8808616780047,1,11,12,door_nock
door_nock_565.wav,222222,224.98371882086167,226.98371882086167,1,11,12,door_nock
door_nock_566.wav,222222,1853.8290249433107,1855.8290249433107,1,11,12,door_nock
door_nock_567.wav,222222,2786.5422675736963,2788.5422675736963,1,11,12,door_nock
door_nock_568.wav,222222,3012.4054421768706,3014.4054421768706,1,11,12,door_nock
door_nock_569.wav,222222,858.338231292517,860.338231292517,1,11,12,door_nock
door_nock_570.wav,222222,2122.478004535147,2124.478004535147,1,11,12,door_nock
door_nock_571.wav,222222,1357.537142857143,1359.537142857143,1,11,12,door_nock
door_nock_572.wav,222222,985.7500680272109,987.7500680272109,1,11,12,door_nock
door_nock_573.wav,222222,3212.8434013605442,3214.8434013605442,1,11,12,door_nock
door_nock_574.wav,222222,2660.7867120181404,2662.7867120181404,1,11,12,door_nock
door_nock_575.wav,222222,2452.395328798186,2454.395328798186,1,11,12,door_nock
door_nock_576.wav,222222,2993.1944217687073,2995.1944217687073,1,11,12,door_nock
door_nock_577.wav,222222,1153.6997732426303,1155.6997732426303,1,11,12,door_nock
door_nock_578.wav,222222,2262.6008616780045,2264.6008616780045,1,11,12,door_nock
door_nock_579.wav,222222,1811.3121995464853,1813.3121995464853,1,11,12,door_nock
door_nock_580.wav,222222,1705.66820861678,1707.66820861678,1,11,12,door_nock
door_nock_581.wav,222222,283.4880725623583,285.4880725623583,1,11,12,door_nock
door_nock_582.wav,222222,3042.9504308390024,3044.9504308390024,1,11,12,door_nock
door_nock_583.wav,222222,80.75315192743764,82.75315192743764,1,11,12,door_nock
door_nock_584.wav,222222,306.67160997732424,308.67160997732424,1,11,12,door_nock
door_nock_585.wav,222222,918.4453514739229,920.4453514739229,1,11,12,door_nock
door_nock_586.wav,222222,1221.8038095238096,1223.8038095238096,1,11,12,door_nock
door_nock_587.wav,222222,1139.8356009070294,1141.8356009070294,1,11,12,door_nock
door_nock_588.wav,222222,1039.28589569161,1041.28589569161,1,11,12,door_nock
door_nock_589.wav,222222,3419.000634920635,3421.000634920635,1,11,12,door_nock
door_nock_590.wav,222222,3415.574149659864,3417.574149659864,1,11,12,door_nock
door_nock_591.wav,222222,52.11814058956916,54.11814058956916,1,11,12,door_nock
door_nock_592.wav,222222,1015.4313378684807,1017.4313378684807,1,11,12,door_nock
door_nock_593.wav,222222,1928.7809977324264,1930.7809977324264,1,11,12,door_nock
door_nock_594.wav,222222,3217.5221315192744,3219.5221315192744,1,11,12,door_nock
door_nock_595.wav,222222,1042.2855328798187,1044.2855328798187,1,11,12,door_nock
door_nock_596.wav,222222,477.36548752834466,479.36548752834466,1,11,12,door_nock
door_nock_597.wav,222222,2805.857641723356,2807.857641723356,1,11,12,door_nock
door_nock_598.wav,222222,3110.6308390022677,3112.6308390022677,1,11,12,door_nock
door_nock_599.wav,222222,700.4880272108843,702.4880272108843,1,11,12,door_nock
door_nock_600.wav,222222,1555.9400907029478,1557.9400907029478,1,11,12,door_nock
door_nock_601.wav,222222,877.4179138321996,879.4179138321996,1,11,12,door_nock
door_nock_602.wav,222222,2618.979365079365,2620.979365079365,1,11,12,door_nock
door_nock_603.wav,222222,2823.688299319728,2825.688299319728,1,11,12,door_nock
door_nock_604.wav,222222,1748.2671655328797,1750.2671655328797,1,11,12,door_nock
door_nock_605.wav,222222,1329.2878911564626,1331.2878911564626,1,11,12,door_nock
door_nock_606.wav,222222,1051.4449433106577,1053.4449433106577,1,11,12,door_nock
door_nock_607.wav,222222,1660.6791383219954,1662.6791383219954,1,11,12,door_nock
door_nock_608.wav,222222,2623.874467120181,2625.874467120181,1,11,12,door_nock
door_nock_609.wav,222222,2388.420090702948,2390.420090702948,1,11,12,door_nock
door_nock_610.wav,222222,1930.7357369614513,1932.7357369614513,1,11,12,door_nock
door_nock_611.wav,222222,1692.6055782312926,1694.6055782312926,1,11,12,door_nock
door_nock_612.wav,222222,2765.868798185941,2767.868798185941,1,11,12,door_nock
door_nock_613.wav,222222,489.14390022675735,491.14390022675735,1,11,12,door_nock
door_nock_614.wav,222222,2140.2361904761906,2142.2361904761906,1,11,12,door_nock
door_nock_615.wav,222222,981.622358276644,983.622358276644,1,11,12,door_nock
door_nock_616.wav,222222,31.32013605442177,33.320136054421766,1,11,12,door_nock
door_nock_617.wav,222222,1735.8956916099773,1737.8956916099773,1,11,12,door_nock
door_nock_618.wav,222222,567.3318820861678,569.3318820861678,1,11,12,door_nock
door_nock_619.wav,222222,2021.495918367347,2023.495918367347,1,11,12,door_nock
door_nock_620.wav,222222,97.21501133786848,99.21501133786848,1,11,12,door_nock
door_nock_621.wav,222222,3168.313968253968,3170.313968253968,1,11,12,door_nock
door_nock_622.wav,222222,48.6477097505669,50.6477097505669,1,11,12,door_nock
door_nock_623.wav,222222,3281.6256235827664,3283.6256235827664,1,11,12,door_nock
door_nock_624.wav,222222,722.3547845804989,724.3547845804989,1,11,12,door_nock
door_nock_625.wav,222222,2956.3580045351473,2958.3580045351473,1,11,12,door_nock
door_nock_626.wav,222222,1367.659365079365,1369.659365079365,1,11,12,door_nock
door_nock_627.wav,222222,1476.7167346938775,1478.7167346938775,1,11,12,door_nock
door_nock_628.wav,222222,2411.6667573696145,2413.6667573696145,1,11,12,door_nock
door_nock_629.wav,222222,973.7379591836735,975.7379591836735,1,11,12,door_nock
door_nock_630.wav,222222,1437.2427210884355,1439.2427210884355,1,11,12,door_nock
door_nock_631.wav,222222,1390.2227210884353,1392.2227210884353,1,11,12,door_nock
door_nock_632.wav,222222,2332.3557369614514,2334.3557369614514,1,11,12,door_nock
door_nock_633.wav,222222,2762.498911564626,2764.498911564626,1,11,12,door_nock
door_nock_634.wav,222222,753.4974603174603,755.4974603174603,1,11,12,door_nock
door_nock_635.wav,222222,2471.5710204081633,2473.5710204081633,1,11,12,door_nock
door_nock_636.wav,222222,1654.5032653061226,1656.5032653061226,1,11,12,door_nock
door_nock_637.wav,222222,512.421768707483,514.421768707483,1,11,12,door_nock
door_nock_638.wav,222222,2915.036553287982,2917.036553287982,1,11,12,door_nock
door_nock_639.wav,222222,3173.8060317460317,3175.8060317460317,1,11,12,door_nock
door_nock_640.wav,222222,1914.0598639455782,1916.0598639455782,1,11,12,door_nock
door_nock_641.wav,222222,2059.673015873016,2061.673015873016,1,11,12,door_nock
door_nock_642.wav,222222,656.6195464852608,658.6195464852608,1,11,12,door_nock
door_nock_643.wav,222222,2749.5510204081634,2751.5510204081634,1,11,12,door_nock
door_nock_644.wav,222222,2193.071836734694,2195.071836734694,1,11,12,door_nock
door_nock_645.wav,222222,788.5575056689343,790.5575056689343,1,11,12,door_nock
door_nock_646.wav,222222,80.72185941043084,82.72185941043084,1,11,12,door_nock
door_nock_647.wav,222222,2986.6921995464854,2988.6921995464854,1,11,12,door_nock
door_nock_648.wav,222222,1084.1065306122448,1086.1065306122448,1,11,12,door_nock
door_nock_649.wav,222222,820.7807256235827,822.7807256235827,1,11,12,door_nock
door_nock_650.wav,222222,2995.485759637188,2997.485759637188,1,11,12,door_nock
door_nock_651.wav,222222,953.4526077097506,955.4526077097506,1,11,12,door_nock
door_nock_652.wav,222222,417.93972789115645,419.93972789115645,1,11,12,door_nock
door_nock_653.wav,222222,114.52108843537415,116.52108843537415,1,11,12,door_nock
door_nock_654.wav,222222,2351.508752834467,2353.508752834467,1,11,12,door_nock
door_nock_655.wav,222222,932.0063492063492,934.0063492063492,1,11,12,door_nock
door_nock_656.wav,222222,3472.0739682539684,3474.0739682539684,1,11,12,door_nock
door_nock_657.wav,222222,1310.9237188208617,1312.9237188208617,1,11,12,door_nock
door_nock_658.wav,222222,2837.4963718820864,2839.4963718820864,1,11,12,door_nock
door_nock_659.wav,222222,2331.5191383219953,2333.5191383219953,1,11,12,door_nock
door_nock_660.wav,222222,1689.6698866213153,1691.6698866213153,1,11,12,door_nock
door_nock_661.wav,222222,1998.5386848072562,2000.5386848072562,1,11,12,door_nock
door_nock_662.wav,222222,1194.915827664399,1196.915827664399,1,11,12,door_nock
door_nock_663.wav,222222,3498.813469387755,3500.813469387755,1,11,12,door_nock
door_nock_664.wav,222222,1628.8409523809523,1630.8409523809523,1,11,12,door_nock
door_nock_665.wav,222222,3375.1565079365078,3377.1565079365078,1,11,12,door_nock
door_nock_666.wav,222222,3567.8515192743766,3569.8515192743766,1,11,12,door_nock
door_nock_667.wav,222222,3459.781088435374,3461.781088435374,1,11,12,door_nock
door_nock_668.wav,222222,3564.780725623583,3566.780725623583,1,11,12,door_nock
door_nock_669.wav,222222,1003.2763265306122,1005.2763265306122,1,11,12,door_nock
door_nock_670.wav,222222,3006.8690249433107,3008.8690249433107,1,11,12,door_nock
door_nock_671.wav,222222,505.1025850340136,507.1025850340136,1,11,12,door_nock
door_nock_672.wav,222222,2160.688843537415,2162.688843537415,1,11,12,door_nock
door_nock_673.wav,222222,1189.1733333333334,1191.1733333333334,1,11,12,door_nock
door_nock_674.wav,222222,653.7204081632653,655.7204081632653,1,11,12,door_nock
door_nock_675.wav,222222,1196.8962358276644,1198.8962358276644,1,11,12,door_nock
door_nock_676.wav,222222,2065.77283446712,2067.77283446712,1,11,12,door_nock
door_nock_677.wav,222222,2100.332925170068,2102.332925170068,1,11,12,door_nock
door_nock_678.wav,222222,2519.5385487528347,2521.5385487528347,1,11,12,door_nock
door_nock_679.wav,222222,1131.2005442176871,1133.2005442176871,1,11,12,door_nock
door_nock_680.wav,222222,2847.289387755102,2849.289387755102,1,11,12,door_nock
door_nock_681.wav,222222,2578.361723356009,2580.361723356009,1,11,12,door_nock
door_nock_682.wav,222222,2868.4539229024945,2870.4539229024945,1,11,12,door_nock
door_nock_683.wav,222222,2358.2320634920634,2360.2320634920634,1,11,12,door_nock
door_nock_684.wav,222222,1887.6614058956916,1889.6614058956916,1,11,12,door_nock
door_nock_685.wav,222222,1250.3144671201815,1252.3144671201815,1,11,12,door_nock
door_nock_686.wav,222222,825.403537414966,827.403537414966,1,11,12,door_nock
door_nock_687.wav,222222,3525.22022675737,3527.22022675737,1,11,12,door_nock
door_nock_688.wav,222222,1207.6065759637188,1209.6065759637188,1,11,12,door_nock
door_nock_689.wav,222222,1550.132335600907,1552.132335600907,1,11,12,door_nock
door_nock_690.wav,222222,2072.648798185941,2074.648798185941,1,11,12,door_nock
door_nock_691.wav,222222,1049.632335600907,1051.632335600907,1,11,12,door_nock
door_nock_692.wav,222222,3377.4915646258505,3379.4915646258505,1,11,12,door_nock
door_nock_693.wav,222222,1266.5554195011339,1268.5554195011339,1,11,12,door_nock
door_nock_694.wav,222222,1858.621814058957,1860.621814058957,1,11,12,door_nock
door_nock_695.wav,222222,3531.259954648526,3533.259954648526,1,11,12,door_nock
door_nock_696.wav,222222,2640.575736961451,2642.575736961451,1,11,12,door_nock
door_nock_697.wav,222222,2556.3432653061222,2558.3432653061222,1,11,12,door_nock
door_nock_698.wav,222222,891.11410430839,893.11410430839,1,11,12,door_nock
door_nock_699.wav,222222,3163.8573242630387,3165.8573242630387,1,11,12,door_nock
door_nock_700.wav,222222,2999.5604081632655,3001.5604081632655,1,11,12,door_nock
door_nock_701.wav,222222,1808.634784580499,1810.634784580499,1,11,12,door_nock
door_nock_702.wav,222222,2960.2085714285713,2962.2085714285713,1,11,12,door_nock
door_nock_703.wav,222222,2917.8585034013604,2919.8585034013604,1,11,12,door_nock
door_nock_704.wav,222222,3283.543537414966,3285.543537414966,1,11,12,door_nock
door_nock_705.wav,222222,1292.3309297052153,1294.3309297052153,1,11,12,door_nock
door_nock_706.wav,222222,2650.5359183673468,2652.5359183673468,1,11,12,door_nock
door_nock_707.wav,222222,800.0200907029479,802.0200907029479,1,11,12,door_nock
door_nock_708.wav,222222,1945.905306122449,1947.905306122449,1,11,12,door_nock
door_nock_709.wav,222222,2805.339455782313,2807.339455782313,1,11,12,door_nock
door_nock_710.wav,222222,3129.222358276644,3131.222358276644,1,11,12,door_nock
door_nock_711.wav,222222,3565.316553287982,3567.316553287982,1,11,12,door_nock
door_nock_712.wav,222222,2219.8766439909296,2221.8766439909296,1,11,12,door_nock
door_nock_713.wav,222222,3393.6813605442176,3395.6813605442176,1,11,12,door_nock
door_nock_714.wav,222222,1085.8748752834467,1087.8748752834467,1,11,12,door_nock
door_nock_715.wav,222222,459.4582766439909,461.4582766439909,1,11,12,door_nock
door_nock_716.wav,222222,2543.3890702947847,2545.3890702947847,1,11,12,door_nock
door_nock_717.wav,222222,2135.04253968254,2137.04253968254,1,11,12,door_nock
door_nock_718.wav,222222,1448.618185941043,1450.618185941043,1,11,12,door_nock
door_nock_719.wav,222222,3298.411065759637,3300.411065759637,1,11,12,door_nock
door_nock_720.wav,222222,602.4525623582766,604.4525623582766,1,11,12,door_nock
door_nock_721.wav,222222,2921.641723356009,2923.641723356009,1,11,12,door_nock
door_nock_722.wav,222222,1968.522993197279,1970.522993197279,1,11,12,door_nock
door_nock_723.wav,222222,834.6560997732427,836.6560997732427,1,11,12,door_nock
door_nock_724.wav,222222,1985.621179138322,1987.621179138322,1,11,12,door_nock
door_nock_725.wav,222222,1523.336462585034,1525.336462585034,1,11,12,door_nock
door_nock_726.wav,222222,1384.3570521541951,1386.3570521541951,1,11,12,door_nock
door_nock_727.wav,222222,2580.9260317460316,2582.9260317460316,1,11,12,door_nock
door_nock_728.wav,222222,1784.6738321995465,1786.6738321995465,1,11,12,door_nock
door_nock_729.wav,222222,3314.685215419501,3316.685215419501,1,11,12,door_nock
door_nock_730.wav,222222,3367.215782312925,3369.215782312925,1,11,12,door_nock
door_nock_731.wav,222222,3231.109931972789,3233.109931972789,1,11,12,door_nock
door_nock_732.wav,222222,1741.8662131519275,1743.8662131519275,1,11,12,door_nock
door_nock_733.wav,222222,3598.5443537414967,3600.5443537414967,1,11,12,door_nock
door_nock_734.wav,222222,2145.1679818594102,2147.1679818594102,1,11,12,door_nock
door_nock_735.wav,222222,2365.3391383219955,2367.3391383219955,1,11,12,door_nock
door_nock_736.wav,222222,1908.4936961451247,1910.4936961451247,1,11,12,door_nock
door_nock_737.wav,222222,1104.717641723356,1106.717641723356,1,11,12,door_nock
door_nock_738.wav,222222,1522.268253968254,1524.268253968254,1,11,12,door_nock
door_nock_739.wav,222222,2918.6731065759636,2920.6731065759636,1,11,12,door_nock
door_nock_740.wav,222222,120.78303854875283,122.78303854875283,1,11,12,door_nock
door_nock_741.wav,222222,345.03015873015875,347.03015873015875,1,11,12,door_nock
door_nock_742.wav,222222,1588.9497505668935,1590.9497505668935,1,11,12,door_nock
door_nock_743.wav,222222,429.47614512471654,431.47614512471654,1,11,12,door_nock
door_nock_744.wav,222222,2427.926258503401,2429.926258503401,1,11,12,door_nock
door_nock_745.wav,222222,2000.529977324263,2002.529977324263,1,11,12,door_nock
door_nock_746.wav,222222,3225.65433106576,3227.65433106576,1,11,12,door_nock
door_nock_747.wav,222222,1799.3009070294784,1801.3009070294784,1,11,12,door_nock
door_nock_748.wav,222222,2429.2643537414965,2431.2643537414965,1,11,12,door_nock
door_nock_749.wav,222222,366.15800453514737,368.15800453514737,1,11,12,door_nock
door_nock_750.wav,222222,1562.480045351474,1564.480045351474,1,11,12,door_nock
door_nock_751.wav,222222,615.1014965986394,617.1014965986394,1,11,12,door_nock
door_nock_752.wav,222222,790.0819954648526,792.0819954648526,1,11,12,door_nock
door_nock_753.wav,222222,244.14566893424038,246.14566893424038,1,11,12,door_nock
door_nock_754.wav,222222,515.1073015873015,517.1073015873015,1,11,12,door_nock
door_nock_755.wav,222222,2619.1115646258504,2621.1115646258504,1,11,12,door_nock
door_nock_756.wav,222222,945.9122902494331,947.9122902494331,1,11,12,door_nock
door_nock_757.wav,222222,2671.255736961451,2673.255736961451,1,11,12,door_nock
door_nock_758.wav,222222,2710.3781859410433,2712.3781859410433,1,11,12,door_nock
door_nock_759.wav,222222,2704.651156462585,2706.651156462585,1,11,12,door_nock
door_nock_760.wav,222222,1903.3724263038548,1905.3724263038548,1,11,12,door_nock
door_nock_761.wav,222222,596.0814512471655,598.0814512471655,1,11,12,door_nock
door_nock_762.wav,222222,1569.4419501133787,1571.4419501133787,1,11,12,door_nock
door_nock_763.wav,222222,1895.7036734693877,1897.7036734693877,1,11,12,door_nock
door_nock_764.wav,222222,2575.1706575963717,2577.1706575963717,1,11,12,door_nock
door_nock_765.wav,222222,2852.430068027211,2854.430068027211,1,11,12,door_nock
door_nock_766.wav,222222,3241.1819954648527,3243.1819954648527,1,11,12,door_nock
door_nock_767.wav,222222,1786.1139682539683,1788.1139682539683,1,11,12,door_nock
door_nock_768.wav,222222,1552.9249886621315,1554.9249886621315,1,11,12,door_nock
door_nock_769.wav,222222,815.004716553288,817.004716553288,1,11,12,door_nock
door_nock_770.wav,222222,1888.678231292517,1890.678231292517,1,11,12,door_nock
door_nock_771.wav,222222,2945.18716553288,2947.18716553288,1,11,12,door_nock
door_nock_772.wav,222222,2958.1911111111112,2960.1911111111112,1,11,12,door_nock
door_nock_773.wav,222222,632.9455328798186,634.9455328798186,1,11,12,door_nock
door_nock_774.wav,222222,3230.694693877551,3232.694693877551,1,11,12,door_nock
door_nock_775.wav,222222,2182.371111111111,2184.371111111111,1,11,12,door_nock
door_nock_776.wav,222222,3509.5631292517005,3511.5631292517005,1,11,12,door_nock
door_nock_777.wav,222222,2440.332562358277,2442.332562358277,1,11,12,door_nock
door_nock_778.wav,222222,1891.0147845804988,1893.0147845804988,1,11,12,door_nock
door_nock_779.wav,222222,479.734693877551,481.734693877551,1,11,12,door_nock
door_nock_780.wav,222222,1343.0633560090703,1345.0633560090703,1,11,12,door_nock
door_nock_781.wav,222222,649.6839909297053,651.6839909297053,1,11,12,door_nock
door_nock_782.wav,222222,1864.465260770975,1866.465260770975,1,11,12,door_nock
door_nock_783.wav,222222,737.0921088435374,739.0921088435374,1,11,12,door_nock
door_nock_784.wav,222222,604.8062585034014,606.8062585034014,1,11,12,door_nock
door_nock_785.wav,222222,186.51097505668935,188.51097505668935,1,11,12,door_nock
door_nock_786.wav,222222,2332.419002267574,2334.419002267574,1,11,12,door_nock
door_nock_787.wav,222222,2253.488843537415,2255.488843537415,1,11,12,door_nock
door_nock_788.wav,222222,639.9526077097506,641.9526077097506,1,11,12,door_nock
door_nock_789.wav,222222,2589.661768707483,2591.661768707483,1,11,12,door_nock
door_nock_790.wav,222222,3422.500997732426,3424.500997732426,1,11,12,door_nock
door_nock_791.wav,222222,207.8566439909297,209.8566439909297,1,11,12,door_nock
door_nock_792.wav,222222,1976.5961451247165,1978.5961451247165,1,11,12,door_nock
door_nock_793.wav,222222,2343.1296598639456,2345.1296598639456,1,11,12,door_nock
door_nock_794.wav,222222,2929.5932879818592,2931.5932879818592,1,11,12,door_nock
door_nock_795.wav,222222,511.9607256235828,513.9607256235828,1,11,12,door_nock
door_nock_796.wav,222222,1083.5432199546485,1085.5432199546485,1,11,12,door_nock
door_nock_797.wav,222222,2778.1633106575964,2780.1633106575964,1,11,12,door_nock
door_nock_798.wav,222222,103.83532879818594,105.83532879818594,1,11,12,door_nock
door_nock_799.wav,222222,3283.9709750566894,3285.9709750566894,1,11,12,door_nock
door_nock_800.wav,222222,2045.6839455782313,2047.6839455782313,1,11,12,door_nock
door_nock_801.wav,222222,3436.1085714285714,3438.1085714285714,1,11,12,door_nock
door_nock_802.wav,222222,608.8259410430838,610.8259410430838,1,11,12,door_nock
door_nock_803.wav,222222,2811.302222222222,2813.302222222222,1,11,12,door_nock
door_nock_804.wav,222222,2811.9886167800455,2813.9886167800455,1,11,12,door_nock
door_nock_805.wav,222222,984.7995464852607,986.7995464852607,1,11,12,door_nock
door_nock_806.wav,222222,1151.1843990929706,1153.1843990929706,1,11,12,door_nock
door_nock_807.wav,222222,1812.2649886621316,1814.2649886621316,1,11,12,door_nock
door_nock_808.wav,222222,3582.8518367346937,3584.8518367346937,1,11,12,door_nock
door_nock_809.wav,222222,1550.1544671201814,1552.1544671201814,1,11,12,door_nock
door_nock_810.wav,222222,975.4458049886621,977.4458049886621,1,11,12,door_nock
door_nock_811.wav,222222,1035.8258049886622,1037.8258049886622,1,11,12,door_nock
door_nock_812.wav,222222,3298.7766893424036,3300.7766893424036,1,11,12,door_nock
door_nock_813.wav,222222,1701.4139229024943,1703.4139229024943,1,11,12,door_nock
door_nock_814.wav,222222,3080.376371882086,3082.376371882086,1,11,12,door_nock
door_nock_815.wav,222222,3457.0204081632655,3459.0204081632655,1,11,12,door_nock
door_nock_816.wav,222222,2584.0501133786847,2586.0501133786847,1,11,12,door_nock
door_nock_817.wav,222222,2431.88,2433.88,1,11,12,door_nock
door_nock_818.wav,222222,1124.9130158730159,1126.9130158730159,1,11,12,door_nock
door_nock_819.wav,222222,2887.7682993197277,2889.7682993197277,1,11,12,door_nock
door_nock_820.wav,222222,39.722086167800455,41.722086167800455,1,11,12,door_nock
door_nock_821.wav,222222,1762.3825850340136,1764.3825850340136,1,11,12,door_nock
door_nock_822.wav,222222,976.7379138321995,978.7379138321995,1,11,12,door_nock
door_nock_823.wav,222222,869.6901587301587,871.6901587301587,1,11,12,door_nock
door_nock_824.wav,222222,406.0615419501134,408.0615419501134,1,11,12,door_nock
door_nock_825.wav,222222,2102.745260770975,2104.745260770975,1,11,12,door_nock
door_nock_826.wav,222222,3594.9189569161,3596.9189569161,1,11,12,door_nock
door_nock_827.wav,222222,1272.2079365079364,1274.2079365079364,1,11,12,door_nock
door_nock_828.wav,222222,3409.2160997732426,3411.2160997732426,1,11,12,door_nock
door_nock_829.wav,222222,3385.9355102040818,3387.9355102040818,1,11,12,door_nock
door_nock_830.wav,222222,2440.4787755102043,2442.4787755102043,1,11,12,door_nock
door_nock_831.wav,222222,3233.6618594104307,3235.6618594104307,1,11,12,door_nock
door_nock_832.wav,222222,2007.947074829932,2009.947074829932,1,11,12,door_nock
door_nock_833.wav,222222,2432.6690702947844,2434.6690702947844,1,11,12,door_nock
door_nock_834.wav,222222,517.3682993197278,519.3682993197278,1,11,12,door_nock
door_nock_835.wav,222222,2796.8112471655327,2798.8112471655327,1,11,12,door_nock
door_nock_836.wav,222222,2202.795419501134,2204.795419501134,1,11,12,door_nock
door_nock_837.wav,222222,1718.0814965986394,1720.0814965986394,1,11,12,door_nock
door_nock_838.wav,222222,1834.2055328798185,1836.2055328798185,1,11,12,door_nock
door_nock_839.wav,222222,3562.432925170068,3564.432925170068,1,11,12,door_nock
door_nock_840.wav,222222,144.1702947845805,146.1702947845805,1,11,12,door_nock
door_nock_841.wav,222222,2079.961814058957,2081.961814058957,1,11,12,door_nock
door_nock_842.wav,222222,646.1716553287982,648.1716553287982,1,11,12,door_nock
door_nock_843.wav,222222,3323.715963718821,3325.715963718821,1,11,12,door_nock
door_nock_844.wav,222222,2143.1530612244896,2145.1530612244896,1,11,12,door_nock
door_nock_845.wav,222222,246.08625850340135,248.08625850340135,1,11,12,door_nock
door_nock_846.wav,222222,2418.9030385487526,2420.9030385487526,1,11,12,door_nock
door_nock_847.wav,222222,3019.8145124716552,3021.8145124716552,1,11,12,door_nock
door_nock_848.wav,222222,1291.642403628118,1293.642403628118,1,11,12,door_nock
door_nock_849.wav,222222,1644.8885260770976,1646.8885260770976,1,11,12,door_nock
door_nock_850.wav,222222,3564.0597732426304,3566.0597732426304,1,11,12,door_nock
door_nock_851.wav,222222,956.836462585034,958.836462585034,1,11,12,door_nock
door_nock_852.wav,222222,2553.304263038549,2555.304263038549,1,11,12,door_nock
door_nock_853.wav,222222,2492.6160997732427,2494.6160997732427,1,11,12,door_nock
door_nock_854.wav,222222,899.8507482993198,901.8507482993198,1,11,12,door_nock
door_nock_855.wav,222222,3597.9285714285716,3599.9285714285716,1,11,12,door_nock
door_nock_856.wav,222222,525.8024943310658,527.8024943310658,1,11,12,door_nock
door_nock_857.wav,222222,1526.0130158730158,1528.0130158730158,1,11,12,door_nock
door_nock_858.wav,222222,2450.234875283447,2452.234875283447,1,11,12,door_nock
door_nock_859.wav,222222,1127.8073469387755,1129.8073469387755,1,11,12,door_nock
door_nock_860.wav,222222,3215.823537414966,3217.823537414966,1,11,12,door_nock
door_nock_861.wav,222222,232.9956462585034,234.9956462585034,1,11,12,door_nock
door_nock_862.wav,222222,3577.221088435374,3579.221088435374,1,11,12,door_nock
door_nock_863.wav,222222,2292.6608616780045,2294.6608616780045,1,11,12,door_nock
door_nock_864.wav,222222,2259.9685260770975,2261.9685260770975,1,11,12,door_nock
door_nock_865.wav,222222,869.770612244898,871.770612244898,1,11,12,door_nock
door_nock_866.wav,222222,1017.9150113378685,1019.9150113378685,1,11,12,door_nock
door_nock_867.wav,222222,2685.3638095238093,2687.3638095238093,1,11,12,door_nock
door_nock_868.wav,222222,3137.9479365079364,3139.9479365079364,1,11,12,door_nock
door_nock_869.wav,222222,1442.2154648526077,1444.2154648526077,1,11,12,door_nock
door_nock_870.wav,222222,574.2805442176871,576.2805442176871,1,11,12,door_nock
door_nock_871.wav,222222,1459.785941043084,1461.785941043084,1,11,12,door_nock
door_nock_872.wav,222222,45.23083900226757,47.23083900226757,1,11,12,door_nock
door_nock_873.wav,222222,667.2758276643991,669.2758276643991,1,11,12,door_nock
door_nock_874.wav,222222,2436.5213151927437,2438.5213151927437,1,11,12,door_nock
door_nock_875.wav,222222,170.560589569161,172.560589569161,1,11,12,door_nock
door_nock_876.wav,222222,132.73260770975057,134.73260770975057,1,11,12,door_nock
door_nock_877.wav,222222,61.447482993197276,63.447482993197276,1,11,12,door_nock
door_nock_878.wav,222222,2999.81537414966,3001.81537414966,1,11,12,door_nock
door_nock_879.wav,222222,3014.290068027211,3016.290068027211,1,11,12,door_nock
door_nock_880.wav,222222,1991.6084353741496,1993.6084353741496,1,11,12,door_nock
door_nock_881.wav,222222,709.984126984127,711.984126984127,1,11,12,door_nock
door_nock_882.wav,222222,3268.556507936508,3270.556507936508,1,11,12,door_nock
door_nock_883.wav,222222,2235.9177777777777,2237.9177777777777,1,11,12,door_nock
door_nock_884.wav,222222,1932.386439909297,1934.386439909297,1,11,12,door_nock
door_nock_885.wav,222222,1779.1183673469388,1781.1183673469388,1,11,12,door_nock
door_nock_886.wav,222222,3491.6892970521544,3493.6892970521544,1,11,12,door_nock
door_nock_887.wav,222222,2926.5548752834466,2928.5548752834466,1,11,12,door_nock
door_nock_888.wav,222222,1503.4013605442176,1505.4013605442176,1,11,12,door_nock
door_nock_889.wav,222222,2342.2883900226757,2344.2883900226757,1,11,12,door_nock
door_nock_890.wav,222222,1218.673560090703,1220.673560090703,1,11,12,door_nock
door_nock_891.wav,222222,1370.895918367347,1372.895918367347,1,11,12,door_nock
door_nock_892.wav,222222,1262.6303401360544,1264.6303401360544,1,11,12,door_nock
door_nock_893.wav,222222,207.35818594104308,209.35818594104308,1,11,12,door_nock
door_nock_894.wav,222222,1073.3468480725624,1075.3468480725624,1,11,12,door_nock
door_nock_895.wav,222222,1863.6608616780045,1865.6608616780045,1,11,12,door_nock
door_nock_896.wav,222222,992.924716553288,994.924716553288,1,11,12,door_nock
door_nock_897.wav,222222,2005.461179138322,2007.461179138322,1,11,12,door_nock
door_nock_898.wav,222222,2462.831700680272,2464.831700680272,1,11,12,door_nock
door_nock_899.wav,222222,3212.897006802721,3214.897006802721,1,11,12,door_nock
door_nock_900.wav,222222,2609.089342403628,2611.089342403628,1,11,12,door_nock
door_nock_901.wav,222222,508.5180045351474,510.5180045351474,1,11,12,door_nock
door_nock_902.wav,222222,1131.2131519274376,1133.2131519274376,1,11,12,door_nock
door_nock_903.wav,222222,2875.178820861678,2877.178820861678,1,11,12,door_nock
door_nock_904.wav,222222,1783.8349659863945,1785.8349659863945,1,11,12,door_nock
door_nock_905.wav,222222,426.16585034013605,428.16585034013605,1,11,12,door_nock
door_nock_906.wav,222222,3264.360589569161,3266.360589569161,1,11,12,door_nock
door_nock_907.wav,222222,1163.1837641723357,1165.1837641723357,1,11,12,door_nock
door_nock_908.wav,222222,2407.8914739229026,2409.8914739229026,1,11,12,door_nock
door_nock_909.wav,222222,230.68820861678006,232.68820861678006,1,11,12,door_nock
door_nock_910.wav,222222,2185.655238095238,2187.655238095238,1,11,12,door_nock
door_nock_911.wav,222222,2093.310975056689,2095.310975056689,1,11,12,door_nock
door_nock_912.wav,222222,3193.073560090703,3195.073560090703,1,11,12,door_nock
door_nock_913.wav,222222,3078.2343310657598,3080.2343310657598,1,11,12,door_nock
door_nock_914.wav,222222,2906.1897959183675,2908.1897959183675,1,11,12,door_nock
door_nock_915.wav,222222,3269.2313832199548,3271.2313832199548,1,11,12,door_nock
door_nock_916.wav,222222,1696.9961904761906,1698.9961904761906,1,11,12,door_nock
door_nock_917.wav,222222,2453.717142857143,2455.717142857143,1,11,12,door_nock
door_nock_918.wav,222222,1086.9260770975056,1088.9260770975056,1,11,12,door_nock
door_nock_919.wav,222222,1447.715827664399,1449.715827664399,1,11,12,door_nock
door_nock_920.wav,222222,2140.4949659863946,2142.4949659863946,1,11,12,door_nock
door_nock_921.wav,222222,1889.815192743764,1891.815192743764,1,11,12,door_nock
door_nock_922.wav,222222,2852.305260770975,2854.305260770975,1,11,12,door_nock
door_nock_923.wav,222222,2307.2395011337867,2309.2395011337867,1,11,12,door_nock
door_nock_924.wav,222222,3184.730022675737,3186.730022675737,1,11,12,door_nock
door_nock_925.wav,222222,2346.1628571428573,2348.1628571428573,1,11,12,door_nock
door_nock_926.wav,222222,23.692834467120182,25.692834467120182,1,11,12,door_nock
door_nock_927.wav,222222,2238.9109750566895,2240.9109750566895,1,11,12,door_nock
door_nock_928.wav,222222,3190.964671201814,3192.964671201814,1,11,12,door_nock
door_nock_929.wav,222222,3299.4190476190474,3301.4190476190474,1,11,12,door_nock
door_nock_930.wav,222222,3082.368117913832,3084.368117913832,1,11,12,door_nock
door_nock_931.wav,222222,2152.0733333333333,2154.0733333333333,1,11,12,door_nock
door_nock_932.wav,222222,129.1154195011338,131.1154195011338,1,11,12,door_nock
door_nock_933.wav,222222,2051.485442176871,2053.485442176871,1,11,12,door_nock
door_nock_934.wav,222222,2988.774058956916,2990.774058956916,1,11,12,door_nock
door_nock_935.wav,222222,3096.705260770975,3098.705260770975,1,11,12,door_nock
door_nock_936.wav,222222,76.05020408163266,78.05020408163266,1,11,12,door_nock
door_nock_937.wav,222222,3358.4586394557823,3360.4586394557823,1,11,12,door_nock
door_nock_938.wav,222222,1483.598231292517,1485.598231292517,1,11,12,door_nock
door_nock_939.wav,222222,2615.7390476190476,2617.7390476190476,1,11,12,door_nock
door_nock_940.wav,222222,2928.222267573696,2930.222267573696,1,11,12,door_nock
door_nock_941.wav,222222,1911.9768707482992,1913.9768707482992,1,11,12,door_nock
door_nock_942.wav,222222,2518.125941043084,2520.125941043084,1,11,12,door_nock
door_nock_943.wav,222222,1457.839410430839,1459.839410430839,1,11,12,door_nock
door_nock_944.wav,222222,531.0110657596372,533.0110657596372,1,11,12,door_nock
door_nock_945.wav,222222,2913.971247165533,2915.971247165533,1,11,12,door_nock
door_nock_946.wav,222222,656.6098412698412,658.6098412698412,1,11,12,door_nock
door_nock_947.wav,222222,3513.1663492063494,3515.1663492063494,1,11,12,door_nock
door_nock_948.wav,222222,3361.9001814058956,3363.9001814058956,1,11,12,door_nock
door_nock_949.wav,222222,941.4843083900226,943.4843083900226,1,11,12,door_nock
door_nock_950.wav,222222,22.60952380952381,24.60952380952381,1,11,12,door_nock
door_nock_951.wav,222222,590.9495238095238,592.9495238095238,1,11,12,door_nock
door_nock_952.wav,222222,3092.692789115646,3094.692789115646,1,11,12,door_nock
door_nock_953.wav,222222,2824.350113378685,2826.350113378685,1,11,12,door_nock
door_nock_954.wav,222222,3576.3609070294783,3578.3609070294783,1,11,12,door_nock
door_nock_955.wav,222222,765.3738321995465,767.3738321995465,1,11,12,door_nock
door_nock_956.wav,222222,2405.562358276644,2407.562358276644,1,11,12,door_nock
door_nock_957.wav,222222,2432.301315192744,2434.301315192744,1,11,12,door_nock
door_nock_958.wav,222222,2834.4362358276644,2836.4362358276644,1,11,12,door_nock
door_nock_959.wav,222222,191.2235827664399,193.2235827664399,1,11,12,door_nock
door_nock_960.wav,222222,1026.5560544217687,1028.5560544217687,1,11,12,door_nock
door_nock_961.wav,222222,2446.7296598639455,2448.7296598639455,1,11,12,door_nock
door_nock_962.wav,222222,2607.845215419501,2609.845215419501,1,11,12,door_nock
door_nock_963.wav,222222,2474.8839909297053,2476.8839909297053,1,11,12,door_nock
door_nock_964.wav,222222,1051.9688888888888,1053.9688888888888,1,11,12,door_nock
door_nock_965.wav,222222,1673.8510204081633,1675.8510204081633,1,11,12,door_nock
door_nock_966.wav,222222,3022.9991383219954,3024.9991383219954,1,11,12,door_nock
door_nock_967.wav,222222,41.19328798185941,43.19328798185941,1,11,12,door_nock
door_nock_968.wav,222222,300.00489795918367,302.00489795918367,1,11,12,door_nock
door_nock_969.wav,222222,2973.359455782313,2975.359455782313,1,11,12,door_nock
door_nock_970.wav,222222,3252.120725623583,3254.120725623583,1,11,12,door_nock
door_nock_971.wav,222222,1704.2857596371882,1706.2857596371882,1,11,12,door_nock
door_nock_972.wav,222222,2157.4325623582768,2159.4325623582768,1,11,12,door_nock
door_nock_973.wav,222222,1725.3856689342404,1727.3856689342404,1,11,12,door_nock
door_nock_974.wav,222222,2002.7185941043083,2004.7185941043083,1,11,12,door_nock
door_nock_975.wav,222222,225.67410430839,227.67410430839,1,11,12,door_nock
door_nock_976.wav,222222,3383.165487528345,3385.165487528345,1,11,12,door_nock
door_nock_977.wav,222222,58.022993197278915,60.022993197278915,1,11,12,door_nock
door_nock_978.wav,222222,1801.0274829931973,1803.0274829931973,1,11,12,door_nock
door_nock_979.wav,222222,1160.13179138322,1162.13179138322,1,11,12,door_nock
door_nock_980.wav,222222,1625.2335147392291,1627.2335147392291,1,11,12,door_nock
door_nock_981.wav,222222,2971.118639455782,2973.118639455782,1,11,12,door_nock
door_nock_982.wav,222222,2787.6296145124716,2789.6296145124716,1,11,12,door_nock
door_nock_983.wav,222222,2452.680725623583,2454.680725623583,1,11,12,door_nock
door_nock_984.wav,222222,2994.511746031746,2996.511746031746,1,11,12,door_nock
door_nock_985.wav,222222,2680.469433106576,2682.469433106576,1,11,12,door_nock
door_nock_986.wav,222222,630.6426757369615,632.6426757369615,1,11,12,door_nock
door_nock_987.wav,222222,2733.770657596372,2735.770657596372,1,11,12,door_nock
door_nock_988.wav,222222,443.83990929705215,445.83990929705215,1,11,12,door_nock
door_nock_989.wav,222222,1118.1401360544219,1120.1401360544219,1,11,12,door_nock
door_nock_990.wav,222222,2063.777641723356,2065.777641723356,1,11,12,door_nock
door_nock_991.wav,222222,1696.5402267573695,1698.5402267573695,1,11,12,door_nock
door_nock_992.wav,222222,183.21360544217688,185.21360544217688,1,11,12,door_nock
door_nock_993.wav,222222,1607.2253968253967,1609.2253968253967,1,11,12,door_nock
door_nock_994.wav,222222,2220.191201814059,2222.191201814059,1,11,12,door_nock
door_nock_995.wav,222222,2721.7520181405894,2723.7520181405894,1,11,12,door_nock
door_nock_996.wav,222222,3395.215238095238,3397.215238095238,1,11,12,door_nock
door_nock_997.wav,222222,1774.754195011338,1776.754195011338,1,11,12,door_nock
door_nock_998.wav,222222,1887.1760544217686,1889.1760544217686,1,11,12,door_nock
door_nock_999.wav,222222,360.5551473922902,362.5551473922902,1,11,12,door_nock
